FBgn,Annotation Symbol,Gene Name,Gene Symbol,Current Study Overlap,Proteome Overlap
FBgn0001281,CG7931,janus B,janB,"Double (1,2)",Current Study and DmSPI
FBgn0029501,CG13580,Caldesmon-related protein,Crtp,"Double (1,2)",Current Study and DmSPI
FBgn0031240,CG3345,-,CG3345,"Double (1,2)",Current Study and DmSPI
FBgn0031347,CG10869,-,CG10869,"Double (1,2)",Current Study and DmSPI
FBgn0031451,CG9961,-,CG9961,"Double (1,2)",Current Study and DmSPI
FBgn0033794,CG13326,-,CG13326,"Double (1,2)",Current Study and DmSPI
FBgn0033863,CG13337,-,CG13337,"Double (1,2)",Current Study and DmSPI
FBgn0034566,CG9313,-,CG9313,"Double (1,2)",Current Study and DmSPI
FBgn0035032,CG4692,-,CG4692,"Double (1,2)",Current Study and DmSPI
FBgn0035273,CG12020,-,CG12020,"Double (1,2)",Current Study and DmSPI
FBgn0037579,CG18193,-,CG18193,"Double (1,2)",Current Study and DmSPI
FBgn0037995,CG3809,-,CG3809,"Double (1,2)",Current Study and DmSPI
FBgn0038224,CG3321,-,CG3321,"Double (1,2)",Current Study and DmSPI
FBgn0038697,CG3581,-,CG3581,"Double (1,2)",Current Study and DmSPI
FBgn0038762,CG4836,-,CG4836,"Double (1,2)",Current Study and DmSPI
FBgn0040371,CG12470,-,CG12470,"Double (1,2)",Current Study and DmSPI
FBgn0040963,CG18662,-,CG18662,"Double (1,2)",Current Study and DmSPI
FBgn0041102,CG7929,ocnus,ocn,"Double (1,2)",Current Study and DmSPI
FBgn0050362,CG30362,borrelly,boly,"Double (1,2)",Current Study and DmSPI
FBgn0050459,CG30459,-,CG30459,"Double (1,2)",Current Study and DmSPI
FBgn0051415,CG31415,-,CG31415,"Double (1,2)",Current Study and DmSPI
FBgn0051542,CG31542,-,CG31542,"Double (1,2)",Current Study and DmSPI
FBgn0003132,CG9156,Protein phosphatase 1 at 13C,Pp1-13C,"Double (1,2)",Current Study
FBgn0010741,CG6302,lethal (3) 01239,l(3)01239,"Double (1,2)",Current Study
FBgn0011569,CG6577,cannonball,can,"Double (1,2)",Current Study
FBgn0011785,CG31132,BRWD3,BRWD3,"Double (1,2)",Current Study
FBgn0019830,CG3057,congested-like trachea,colt,"Double (1,2)",Current Study
FBgn0023511,CG3810,Edem1,Edem1,"Double (1,2)",Current Study
FBgn0026577,CG8677,-,CG8677,"Double (1,2)",Current Study
FBgn0027794,CG14786,-,CG14786,"Double (1,2)",Current Study
FBgn0028421,CG11759,Kinesin associated protein 3,Kap3,"Double (1,2)",Current Study
FBgn0029881,CG3973,pickled eggs,pigs,"Double (1,2)",Current Study
FBgn0030362,CG1803,regucalcin,regucalcin,"Double (1,2)",Current Study
FBgn0001208,CG7399,Henna,Hn,"Double (1,2)",Current Study
FBgn0004581,CG30170,benign gonial cell neoplasm,bgcn,"Double (1,2)",Current Study
FBgn0004852,CG7978,Adenylyl cyclase 76E,Ac76E,"Double (1,2)",Current Study
FBgn0004859,CG2125,cubitus interruptus,ci,"Double (1,2)",Current Study
FBgn0010110,CG4399,enhanced adult sensory threshold,east,"Double (1,2)",Current Study
FBgn0011244,CG2830,Heat shock protein 60 related,Hsp60B,"Double (1,2)",Current Study
FBgn0015282,CG5289,Proteasome 26S subunit subunit 4 ATPase,Pros26.4,"Double (1,2)",Current Study
FBgn0023519,CG3109,mitochondrial ribosomal protein L16,mRpL16,"Double (1,2)",Current Study
FBgn0024806,CG7020,DISCO Interacting Protein 2,DIP2,"Double (1,2)",Current Study
FBgn0025612,CG3062,-,CG3062,"Double (1,2)",Current Study
FBgn0026563,CG1979,-,CG1979,"Double (1,2)",Current Study
FBgn0029895,CG14441,-,CG14441,"Double (1,2)",Current Study
FBgn0030685,CG8948,Graf,Graf,"Double (1,2)",Current Study
FBgn0031550,CG8853,-,CG8853,"Double (1,2)",Current Study
FBgn0031757,CG9064,Ucp4C,Ucp4C,"Double (1,2)",Current Study
FBgn0033246,CG11198,-,CG11198,"Double (1,2)",Current Study
FBgn0034251,CG11423,-,CG11423,"Double (1,2)",Current Study
FBgn0034366,CG5489,Autophagy-specific gene 7,Atg7,"Double (1,2)",Current Study
FBgn0034590,CG30388,Magi,Magi,"Double (1,2)",Current Study
FBgn0034797,CG12781,nahoda,nahoda,"Double (1,2)",Current Study
FBgn0034975,CG11290,enoki mushroom,enok,"Double (1,2)",Current Study
FBgn0035100,CG7051,-,CG7051,"Double (1,2)",Current Study
FBgn0036440,CG17177,-,CG17177,"Double (1,2)",Current Study
FBgn0036706,CG6485,-,CG6485,"Double (1,2)",Current Study
FBgn0036830,CG14077,-,CG14077,"Double (1,2)",Current Study
FBgn0037379,CG10979,-,CG10979,"Double (1,2)",Current Study
FBgn0039054,CG13830,-,CG13830,"Double (1,2)",Current Study
FBgn0039478,CG6265,Neprilysin 5,Nep5,"Double (1,2)",Current Study
FBgn0039576,CG17856,-,CG17856,"Double (1,2)",Current Study
FBgn0040964,CG18661,-,CG18661,"Double (1,2)",Current Study
FBgn0042083,CG3267,-,CG3267,"Double (1,2)",Current Study
FBgn0046323,CG40446,Occludin-Related Y,Ory,"Double (1,2)",Current Study
FBgn0047038,CG6463,-,CG6463,"Double (1,2)",Current Study
FBgn0051805,CG31805,-,CG31805,"Double (1,2)",Current Study
FBgn0051974,CG31974,-,CG31974,"Double (1,2)",Current Study
FBgn0052206,CG32206,-,CG32206,"Double (1,2)",Current Study
FBgn0052311,CG33484,zormin,zormin,"Double (1,2)",Current Study
FBgn0052685,CG32685,-,CG32685,"Double (1,2)",Current Study
FBgn0053052,CG33052,-,CG33052,"Double (1,2)",Current Study
FBgn0053170,CG33170,-,CG33170,"Double (1,2)",Current Study
FBgn0260440,CG31020,sanpodo,spdo,"Double (1,2)",Current Study
FBgn0260466,CG33933,I'm not dead yet 2,Indy-2,"Double (1,2)",Current Study
FBgn0261855,CG42784,-,CG42784,"Double (1,2)",Current Study
FBgn0013812,CG3723,Dynein heavy chain at 93AB,Dhc93AB,"Double (1,3)",Current Study and DmSPI
FBgn0016920,CG11020,no mechanoreceptor potential C,nompC,"Double (1,3)",Current Study and DmSPI
FBgn0019644,CG8189,"ATP synthase, subunit b",ATPsyn-b,"Double (1,3)",Current Study and DmSPI
FBgn0029859,CG15892,-,CG15892,"Double (1,3)",Current Study and DmSPI
FBgn0030359,CG18130,-,CG18130,"Double (1,3)",Current Study and DmSPI
FBgn0031462,CG2964,-,CG2964,"Double (1,3)",Current Study and DmSPI
FBgn0032291,CG17118,-,CG17118,"Double (1,3)",Current Study and DmSPI
FBgn0033610,CG18335,-,CG18335,"Double (1,3)",Current Study and DmSPI
FBgn0033735,CG8525,-,CG8525,"Double (1,3)",Current Study and DmSPI
FBgn0035638,CG10541,Tektin C,Tektin-C,"Double (1,3)",Current Study and DmSPI
FBgn0036162,CG6140,-,CG6140,"Double (1,3)",Current Study and DmSPI
FBgn0036490,CG6888,-,CG6888,"Double (1,3)",Current Study and DmSPI
FBgn0037138,CG7145,-,CG7145,"Double (1,3)",Current Study and DmSPI
FBgn0037759,CG8526,-,CG8526,"Double (1,3)",Current Study and DmSPI
FBgn0038266,CG3610,-,CG3610,"Double (1,3)",Current Study and DmSPI
FBgn0038598,CG7131,-,CG7131,"Double (1,3)",Current Study and DmSPI
FBgn0039737,CG7920,-,CG7920,"Double (1,3)",Current Study and DmSPI
FBgn0050350,CG30350,-,CG30350,"Double (1,3)",Current Study and DmSPI
FBgn0087007,CG42230,big bang,bbg,"Double (1,3)",Current Study and DmSPI
FBgn0261529,CG15287,male sterile (2) 34Fe,ms(2)34Fe,"Double (1,3)",Current Study and DmSPI
FBgn0000246,CG17604,crossover suppressor on 3 of Gowen,c(3)G,"Double (1,3)",Current Study
FBgn0001227,CG4167,Heat shock gene 67Ba,Hsp67Ba,"Double (1,3)",Current Study
FBgn0002719,CG10120,Malic enzyme,Men,"Double (1,3)",Current Study
FBgn0003429,CG10693,slowpoke,slo,"Double (1,3)",Current Study
FBgn0004876,CG6027,center divider,cdi,"Double (1,3)",Current Study
FBgn0010905,CG16757,Spinophilin,Spn,"Double (1,3)",Current Study
FBgn0013809,CG7092,Dynein heavy chain at 16F,Dhc16F,"Double (1,3)",Current Study
FBgn0013811,CG15804,Dynein heavy chain at 62B,Dhc62B,"Double (1,3)",Current Study
FBgn0015278,CG11621,Phosphotidylinositol 3 kinase 68D,Pi3K68D,"Double (1,3)",Current Study
FBgn0023515,CG14814,-,CG14814,"Double (1,3)",Current Study
FBgn0026079,CG6133,-,CG6133,"Double (1,3)",Current Study
FBgn0027948,CG5000,mini spindles,msps,"Double (1,3)",Current Study
FBgn0029114,CG6890,Tollo,Tollo,"Double (1,3)",Current Study
FBgn0030217,CG2124,-,CG2124,"Double (1,3)",Current Study
FBgn0000140,CG6875,abnormal spindle,asp,"Double (1,3)",Current Study
FBgn0000454,CG9285,Dipeptidase B,Dip-B,"Double (1,3)",Current Study
FBgn0003189,CG18572,rudimentary,r,"Double (1,3)",Current Study
FBgn0003279,CG5502,Ribosomal protein L4,RpL4,"Double (1,3)",Current Study
FBgn0004625,CG3620,no receptor potential A,norpA,"Double (1,3)",Current Study
FBgn0004784,CG6518,inactivation no afterpotential C,inaC,"Double (1,3)",Current Study
FBgn0005386,CG8887,"absent, small, or homeotic discs 1",ash1,"Double (1,3)",Current Study
FBgn0005410,CG1903,strawberry notch,sno,"Double (1,3)",Current Study
FBgn0005666,CG32019,bent,bt,"Double (1,3)",Current Study
FBgn0010173,CG9633,Replication Protein A 70,RpA-70,"Double (1,3)",Current Study
FBgn0016977,CG18497,split ends,spen,"Double (1,3)",Current Study
FBgn0020306,CG9696,domino,dom,"Double (1,3)",Current Study
FBgn0020756,CG6768,DNA polymerase epsilon,DNApol-epsilon,"Double (1,3)",Current Study
FBgn0022710,CG9210,Adenylyl cyclase 35C,Ac13E,"Double (1,3)",Current Study
FBgn0022787,CG4261,Helicase 89B,Hel89B,"Double (1,3)",Current Study
FBgn0024183,CG4170,vasa intronic gene,vig,"Double (1,3)",Current Study
FBgn0027783,CG10212,SMC2,SMC2,"Double (1,3)",Current Study
FBgn0028572,CG14039,quick-to-court,qtc,"Double (1,3)",Current Study
FBgn0028573,CG5700,pericardin,prc,"Double (1,3)",Current Study
FBgn0029154,CG7964,Menl-1,Menl-1,"Double (1,3)",Current Study
FBgn0029846,CG15899,Ca-alpha1T,Ca-alpha1T,"Double (1,3)",Current Study
FBgn0029957,CG12155,-,CG12155,"Double (1,3)",Current Study
FBgn0030482,CG1673,-,CG1673,"Double (1,3)",Current Study
FBgn0031227,CG3709,-,CG3709,"Double (1,3)",Current Study
FBgn0031981,CG7466,-,CG7466,"Double (1,3)",Current Study
FBgn0032511,CG9306,-,CG9306,"Double (1,3)",Current Study
FBgn0033718,CG13162,anastral spindle 3,ana3,"Double (1,3)",Current Study
FBgn0033961,CG12859,-,CG12859,"Double (1,3)",Current Study
FBgn0034372,CG5469,GDI interacting protein 3,Gint3,"Double (1,3)",Current Study
FBgn0034706,CG11275,-,CG11275,"Double (1,3)",Current Study
FBgn0034854,CG3493,-,CG3493,"Double (1,3)",Current Study
FBgn0035317,CG13809,osm-1,osm-1,"Double (1,3)",Current Study
FBgn0035338,CG13800,-,CG13800,"Double (1,3)",Current Study
FBgn0035402,CG12082,-,CG12082,"Double (1,3)",Current Study
FBgn0036031,CG6761,-,CG6761,"Double (1,3)",Current Study
FBgn0036548,CG5931,-,CG5931,"Double (1,3)",Current Study
FBgn0037101,CG7634,-,CG7634,"Double (1,3)",Current Study
FBgn0037979,CG3532,-,CG3532,"Double (1,3)",Current Study
FBgn0038344,CG5205,-,CG5205,"Double (1,3)",Current Study
FBgn0038679,CG6040,-,CG6040,"Double (1,3)",Current Study
FBgn0039016,CG4792,Dicer-1,Dcr-1,"Double (1,3)",Current Study
FBgn0039286,CG11849,distal antenna,dan,"Double (1,3)",Current Study
FBgn0039321,CG10550,-,CG10550,"Double (1,3)",Current Study
FBgn0039727,CG15523,-,CG15523,"Double (1,3)",Current Study
FBgn0039928,CG11059,calsyntenin-1,cals,"Double (1,3)",Current Study
FBgn0040017,CG17684,-,CG17684,"Double (1,3)",Current Study
FBgn0043364,CG4427,cabut,cbt,"Double (1,3)",Current Study
FBgn0043884,CG33106,multiple ankyrin repeats single KH domain,mask,"Double (1,3)",Current Study
FBgn0051391,CG31391,-,CG31391,"Double (1,3)",Current Study
FBgn0053554,CG33554,Nipped-A,Nipped-A,"Double (1,3)",Current Study
FBgn0053978,CG33978,-,CG33978,"Double (1,3)",Current Study
FBgn0061476,CG18729,zwilch,zwilch,"Double (1,3)",Current Study
FBgn0083959,CG34123,-,CG34123,"Double (1,3)",Current Study
FBgn0085335,CG34306,-,CG34306,"Double (1,3)",Current Study
FBgn0085379,CG34350,-,CG34350,"Double (1,3)",Current Study
FBgn0085412,CG34383,-,CG34383,"Double (1,3)",Current Study
FBgn0085425,CG34396,-,CG34396,"Double (1,3)",Current Study
FBgn0085434,CG34405,Na channel protein 60E,NaCP60E,"Double (1,3)",Current Study
FBgn0085436,CG34407,Not1,Not1,"Double (1,3)",Current Study
FBgn0086372,CG2520,like-AP180,lap,"Double (1,3)",Current Study
FBgn0086451,CG10805,lethal (2) k09022,l(2)k09022,"Double (1,3)",Current Study
FBgn0086911,CG6775,rugose,rg,"Double (1,3)",Current Study
FBgn0259163,CG42268,-,CG42268,"Double (1,3)",Current Study
FBgn0259171,CG42276,Phosphodiesterase 9,Pde9,"Double (1,3)",Current Study
FBgn0260442,CG6831,rhea,rhea,"Double (1,3)",Current Study
FBgn0260444,CG18616,-,CG18616,"Double (1,3)",Current Study
FBgn0260933,CG11838,reduced mechanoreceptor potential A,rempA,"Double (1,3)",Current Study
FBgn0260938,CG9056,tay bridge,tay,"Double (1,3)",Current Study
FBgn0260965,CG42588,-,CG42588,"Double (1,3)",Current Study
FBgn0261260,CG42611,Megalin,Megalin,"Double (1,3)",Current Study
FBgn0261268,CG42616,Cullin-3,Cul-3,"Double (1,3)",Current Study
FBgn0261574,CG7749,kugelei,kug,"Double (1,3)",Current Study
FBgn0013813,CG1842,Dynein heavy chain at 89D,Dhc98D,"Double (2,3)",Current Study and DmSPI
FBgn0029153,CG7969,Menl-2,Menl-2,"Double (2,3)",Current Study and DmSPI
FBgn0032771,CG17349,-,CG17349,"Double (2,3)",Current Study and DmSPI
FBgn0033969,CG10202,-,CG10202,"Double (2,3)",Current Study and DmSPI
FBgn0035598,CG4669,-,CG4669,"Double (2,3)",Current Study and DmSPI
FBgn0051803,CG31803,-,CG31803,"Double (2,3)",Current Study and DmSPI
FBgn0000116,CG32031,Arginine kinase,Argk,"Double (2,3)",Current Study
FBgn0000307,CG5813,chiffon,chif,"Double (2,3)",Current Study
FBgn0000556,CG8280,Elongation factor 1alpha48D,Ef1alpha48D,"Double (2,3)",Current Study
FBgn0002891,CG1925,mutagen-sensitive 205,mus205,"Double (2,3)",Current Study
FBgn0003392,CG18102,shibire,shi,"Double (2,3)",Current Study
FBgn0004045,CG2985,Yolk protein 1,Yp1,"Double (2,3)",Current Study
FBgn0010482,CG9432,lethal (2) 01289,l(2)01289,"Double (2,3)",Current Study
FBgn0013756,CG8274,Megator,Mtor,"Double (2,3)",Current Study
FBgn0015277,CG5373,Phosphotidylinositol 3 kinase 59F,Pi3K59F,"Double (2,3)",Current Study
FBgn0017577,CG4082,Minichromosome maintenance 5,Mcm5,"Double (2,3)",Current Study
FBgn0022085,CG33130,short spindle 4,ssp4,"Double (2,3)",Current Study
FBgn0023081,CG4012,genghis khan,gek,"Double (2,3)",Current Study
FBgn0025726,CG2999,unc-13,unc-13,"Double (2,3)",Current Study
FBgn0026401,CG17704,Nipped-B,Nipped-B,"Double (2,3)",Current Study
FBgn0027599,CG2790,-,CG2790,"Double (2,3)",Current Study
FBgn0028899,CG31817,-,CG31817,"Double (2,3)",Current Study
FBgn0030600,CG32592,highwire,hiw,"Double (2,3)",Current Study
FBgn0030793,CG9125,-,CG9125,"Double (2,3)",Current Study
FBgn0030808,CG4937,RhoGAP15B,RhoGAP15B,"Double (2,3)",Current Study
FBgn0031077,CG15618,-,CG15618,"Double (2,3)",Current Study
FBgn0000317,CG7595,crinkled,ck,"Double (2,3)",Current Study
FBgn0000497,CG17941,dachsous,ds,"Double (2,3)",Current Study
FBgn0000559,CG2238,Elongation factor 2b,Ef2b,"Double (2,3)",Current Study
FBgn0001169,CG5460,Hairless,H,"Double (2,3)",Current Study
FBgn0001233,CG1242,Heat shock protein 83,Hsp83,"Double (2,3)",Current Study
FBgn0002183,CG1828,dre4,dre4,"Double (2,3)",Current Study
FBgn0011225,CG5695,jaguar,jar,"Double (2,3)",Current Study
FBgn0011604,CG8625,Imitation SWI,Iswi,"Double (2,3)",Current Study
FBgn0015477,CG8014,Receptor mediated endocytosis 8,Rme-8,"Double (2,3)",Current Study
FBgn0016081,CG32045,furry,fry,"Double (2,3)",Current Study
FBgn0025633,CG13366,-,CG13366,"Double (2,3)",Current Study
FBgn0028424,CG3767,Juvenile hormone-inducible protein 26,JhI-26,"Double (2,3)",Current Study
FBgn0029688,CG6450,lava lamp,lva,"Double (2,3)",Current Study
FBgn0030343,CG1886,ATP7,ATP7,"Double (2,3)",Current Study
FBgn0030964,CG7103,PDGF- and VEGF-related factor 1,Pvf1,"Double (2,3)",Current Study
FBgn0031536,CG3248,Cog3,Cog3,"Double (2,3)",Current Study
FBgn0031571,CG3921,-,CG3921,"Double (2,3)",Current Study
FBgn0031894,CG4496,-,CG4496,"Double (2,3)",Current Study
FBgn0032175,CG13131,-,CG13131,"Double (2,3)",Current Study
FBgn0032817,CG10631,-,CG10631,"Double (2,3)",Current Study
FBgn0035237,CG13917,-,CG13917,"Double (2,3)",Current Study
FBgn0035898,CG6915,-,CG6915,"Double (2,3)",Current Study
FBgn0036398,CG9007,-,CG9007,"Double (2,3)",Current Study
FBgn0036911,CG8660,Fibp,Fibp,"Double (2,3)",Current Study
FBgn0037371,CG2097,Symplekin,Sym,"Double (2,3)",Current Study
FBgn0038816,CG5483,Leucine-rich repeat kinase,Lrrk,"Double (2,3)",Current Study
FBgn0039250,CG11120,-,CG11120,"Double (2,3)",Current Study
FBgn0039257,CG13648,tenectin,tnc,"Double (2,3)",Current Study
FBgn0039510,CG3339,-,CG3339,"Double (2,3)",Current Study
FBgn0039734,CG7908,Tace,Tace,"Double (2,3)",Current Study
FBgn0039897,CG1674,-,CG1674,"Double (2,3)",Current Study
FBgn0039923,CG1793,Mediator complex subunit 26,MED26,"Double (2,3)",Current Study
FBgn0040344,CG3711,-,CG3711,"Double (2,3)",Current Study
FBgn0040390,CG14047,-,CG14047,"Double (2,3)",Current Study
FBgn0042177,CG32164,-,CG32164,"Double (2,3)",Current Study
FBgn0050421,CG30421,-,CG30421,"Double (2,3)",Current Study
FBgn0051755,CG31755,-,CG31755,"Double (2,3)",Current Study
FBgn0052394,CG32394,-,CG32394,"Double (2,3)",Current Study
FBgn0052397,CG32397,-,CG32397,"Double (2,3)",Current Study
FBgn0053287,CG33287,-,CG33287,"Double (2,3)",Current Study
FBgn0058064,CG40064,Aldehyde reductase Y,ARY,"Double (2,3)",Current Study
FBgn0061197,CG13164,Syntaxin Interacting Protein 2,SIP2,"Double (2,3)",Current Study
FBgn0085424,CG34395,nubbin,nub,"Double (2,3)",Current Study
FBgn0085446,CG34417,-,CG34417,"Double (2,3)",Current Study
FBgn0085447,CG34418,still life,sif,"Double (2,3)",Current Study
FBgn0087002,CG11064,Retinoid- and fatty acid-binding glycoprotein,Rfabg,"Double (2,3)",Current Study
FBgn0259108,CG34387,futsch,futsch,"Double (2,3)",Current Study
FBgn0259141,CG42256,-,CG42256,"Double (2,3)",Current Study
FBgn0259240,CG42338,Tenascin accessory,Ten-a,"Double (2,3)",Current Study
FBgn0259735,CG42389,-,CG42389,"Double (2,3)",Current Study
FBgn0260236,CG42510,-,CG42510,"Double (2,3)",Current Study
FBgn0260453,CG17140,-,CG17140,"Double (2,3)",Current Study
FBgn0260486,CG42533,-,CG42533,"Double (2,3)",Current Study
FBgn0261053,CG42601,Cad86C,Cad86C,"Double (2,3)",Current Study
FBgn0261551,CG42669,-,CG42669,"Double (2,3)",Current Study
FBgn0261671,CG42555,tweek,tweek,"Double (2,3)",Current Study
FBgn0261873,CG32717,stardust,sdt,"Double (2,3)",Current Study
FBgn0000056,CG3484,Adh-related,Adhr,NA,DmSPI
FBgn0000464,CG10443,Leukocyte-antigen-related-like,Lar,NA,DmSPI
FBgn0001092,CG8893,Glyceraldehyde 3 phosphate dehydrogenase 2,Gapdh2,NA,DmSPI
FBgn0001108,CG9206,Glued,Gl,NA,DmSPI
FBgn0001138,CG9656,grain,grn,NA,DmSPI
FBgn0002441,CG5954,lethal (3) malignant brain tumor,l(3)mbt,NA,DmSPI
FBgn0002524,CG4162,lace,lace,NA,DmSPI
FBgn0002917,CG1517,narrow abdomen,na,NA,DmSPI
FBgn0003360,CG16944,stress-sensitive B,sesB,NA,DmSPI
FBgn0003462,CG11793,Superoxide dismutase,Sod,NA,DmSPI
FBgn0004435,CG17759,G protein alpha49B,Galpha49B,NA,DmSPI
FBgn0004507,CG7254,Glycogen phosphorylase,GlyP,NA,DmSPI
FBgn0004551,CG3725,Calcium ATPase at 60A,Ca-P60A,NA,DmSPI
FBgn0004873,CG9325,hu li tai shao,hts,NA,DmSPI
FBgn0005630,CG12052,longitudinals lacking,lola,NA,DmSPI
FBgn0005671,CG17369,Vacuolar H[+]-ATPase 55kD B subunit,Vha55,NA,DmSPI
FBgn0010612,CG6105,lethal (2) 06225,l(2)06225,NA,DmSPI
FBgn0011224,CG31000,hephaestus,heph,NA,DmSPI
FBgn0011227,CG8764,oxen,ox,NA,DmSPI
FBgn0011361,CG9160,mitochondrial acyl carrier protein 1,mtacp1,NA,DmSPI
FBgn0011455,CG9762,lethal (3) neo18,l(3)neo18,NA,DmSPI
FBgn0011606,CG8590,Kinesin-like protein at 3A,Klp3A,NA,DmSPI
FBgn0011739,CG12072,warts,wts,NA,DmSPI
FBgn0011763,CG4654,DP transcription factor,Dp,NA,DmSPI
FBgn0011836,CG6711,TBP-associated factor 2,Taf2,NA,DmSPI
FBgn0013300,CG4479,Male-specific-transcript-35Ba,Mst35Ba,NA,DmSPI
FBgn0013746,CG9556,alien,alien,NA,DmSPI
FBgn0016119,CG4412,ATPase coupling factor 6,ATPsyn-Cf6,NA,DmSPI
FBgn0019828,CG1980,don juan,dj,NA,DmSPI
FBgn0019960,CG6455,-,CG6455,NA,DmSPI
FBgn0022097,CG8186,Vha36,Vha36,NA,DmSPI
FBgn0022708,CG3140,Adenylate kinase-2,Adk2,NA,DmSPI
FBgn0022709,CG17146,Adenylate kinase-1,Adk1,NA,DmSPI
FBgn0023212,CG4204,Elongin B,Elongin-B,NA,DmSPI
FBgn0023529,CG2918,-,CG2918,NA,DmSPI
FBgn0024913,CG11062,Activin-beta,Actbeta,NA,DmSPI
FBgn0026061,CG4123,Multiple inositol polyphosphate phosphatase 1,Mipp1,NA,DmSPI
FBgn0027085,CG7479,Leucyl-tRNA synthetase,Aats-leu,NA,DmSPI
FBgn0027515,CG7115,-,CG7115,NA,DmSPI
FBgn0027602,CG8611,-,CG8611,NA,DmSPI
FBgn0028325,CG7010,lethal (1) G0334,l(1)G0334,NA,DmSPI
FBgn0028342,CG2968,lethal (1) G0230,l(1)G0230,NA,DmSPI
FBgn0028500,CG9063,-,CG9063,NA,DmSPI
FBgn0029667,CG14271,Growth arrest specific protein 8,Gas8,NA,DmSPI
FBgn0029834,CG5937,-,CG5937,NA,DmSPI
FBgn0029868,CG3446,-,CG3446,NA,DmSPI
FBgn0029941,CG1677,-,CG1677,NA,DmSPI
FBgn0029993,CG1571,-,CG1571,NA,DmSPI
FBgn0030283,CG15198,-,CG15198,NA,DmSPI
FBgn0030449,CG4349,Ferritin 3 heavy chain homologue,Fer3HCH,NA,DmSPI
FBgn0030478,CG1640,-,CG1640,NA,DmSPI
FBgn0030525,CG10996,-,CG10996,NA,DmSPI
FBgn0030851,CG8326,-,CG8326,NA,DmSPI
FBgn0030853,CG5703,-,CG5703,NA,DmSPI
FBgn0031042,CG14221,-,CG14221,NA,DmSPI
FBgn0031332,CG5556,-,CG5556,NA,DmSPI
FBgn0031335,CG5565,-,CG5565,NA,DmSPI
FBgn0031436,CG3214,-,CG3214,NA,DmSPI
FBgn0031905,CG5155,-,CG5155,NA,DmSPI
FBgn0031941,CG7211,-,CG7211,NA,DmSPI
FBgn0031993,CG8486,-,CG8486,NA,DmSPI
FBgn0032004,CG8292,-,CG8292,NA,DmSPI
FBgn0032266,CG18302,-,CG18302,NA,DmSPI
FBgn0032372,CG4988,-,CG4988,NA,DmSPI
FBgn0032431,CG5435,-,CG5435,NA,DmSPI
FBgn0032498,CG6108,-,CG6108,NA,DmSPI
FBgn0032741,CG10446,similar to Deadpan,Side,NA,DmSPI
FBgn0033020,CG10396,-,CG10396,NA,DmSPI
FBgn0033639,CG9003,-,CG9003,NA,DmSPI
FBgn0034007,CG8102,-,CG8102,NA,DmSPI
FBgn0034073,CG8414,-,CG8414,NA,DmSPI
FBgn0034131,CG15712,-,CG15712,NA,DmSPI
FBgn0034434,CG9811,Rgk1,Rgk1,NA,DmSPI
FBgn0034464,CG11018,-,CG11018,NA,DmSPI
FBgn0034505,CG16739,-,CG16739,NA,DmSPI
FBgn0034532,CG13436,-,CG13436,NA,DmSPI
FBgn0034592,CG9406,-,CG9406,NA,DmSPI
FBgn0034603,CG9480,Glycogenin,Glycogenin,NA,DmSPI
FBgn0034713,CG11291,-,CG11291,NA,DmSPI
FBgn0034908,CG5543,-,CG5543,NA,DmSPI
FBgn0035001,CG4527,Sterile20-like kinase,slik,NA,DmSPI
FBgn0035239,CG18170,-,CG18170,NA,DmSPI
FBgn0035399,CG14955,-,CG14955,NA,DmSPI
FBgn0035404,CG12079,-,CG12079,NA,DmSPI
FBgn0035483,CG1134,-,CG1134,NA,DmSPI
FBgn0035585,CG12027,-,CG12027,NA,DmSPI
FBgn0035724,CG10064,-,CG10064,NA,DmSPI
FBgn0035799,CG14838,-,CG14838,NA,DmSPI
FBgn0035802,CG33275,-,CG33275,NA,DmSPI
FBgn0036310,CG10969,-,CG10969,NA,DmSPI
FBgn0036627,CG4680,-,CG4680,NA,DmSPI
FBgn0036723,CG12229,-,CG12229,NA,DmSPI
FBgn0036728,CG7580,-,CG7580,NA,DmSPI
FBgn0036733,CG6322,U4-U6 small nuclear riboprotein factor 60K,U4-U6-60K,NA,DmSPI
FBgn0036775,CG5147,-,CG5147,NA,DmSPI
FBgn0036931,CG14183,-,CG14183,NA,DmSPI
FBgn0036962,CG17122,-,CG17122,NA,DmSPI
FBgn0037035,CG10589,-,CG10589,NA,DmSPI
FBgn0037059,CG10510,-,CG10510,NA,DmSPI
FBgn0037063,CG9391,-,CG9391,NA,DmSPI
FBgn0037191,CG14448,-,CG14448,NA,DmSPI
FBgn0037236,CG9772,-,CG9772,NA,DmSPI
FBgn0037276,CG17387,-,CG17387,NA,DmSPI
FBgn0037463,CG1984,don juan like,djl,NA,DmSPI
FBgn0037464,CG1988,-,CG1988,NA,DmSPI
FBgn0037483,CG14609,-,CG14609,NA,DmSPI
FBgn0037659,CG11033,-,CG11033,NA,DmSPI
FBgn0037860,CG6629,-,CG6629,NA,DmSPI
FBgn0038008,CG3942,-,CG3942,NA,DmSPI
FBgn0038127,CG8476,-,CG8476,NA,DmSPI
FBgn0038190,CG9926,-,CG9926,NA,DmSPI
FBgn0038258,CG7362,-,CG7362,NA,DmSPI
FBgn0038365,CG9593,-,CG9593,NA,DmSPI
FBgn0038739,CG4686,-,CG4686,NA,DmSPI
FBgn0038960,CG13855,-,CG13855,NA,DmSPI
FBgn0038977,CG5376,-,CG5376,NA,DmSPI
FBgn0039070,CG17083,-,CG17083,NA,DmSPI
FBgn0039204,CG6607,-,CG6607,NA,DmSPI
FBgn0039251,CG17462,-,Trf4-2,NA,DmSPI
FBgn0039270,CG11820,-,CG11820,NA,DmSPI
FBgn0039331,CG11913,-,CG11913,NA,DmSPI
FBgn0039338,CG4548,XNP,XNP,NA,DmSPI
FBgn0039564,CG5527,-,CG5527,NA,DmSPI
FBgn0039802,CG1349,dj-1beta,dj-1beta,NA,DmSPI
FBgn0039809,CG15547,-,CG15547,NA,DmSPI
FBgn0040238,CG6264,Bestrophin 1,Best1,NA,DmSPI
FBgn0040996,CG12617,-,CG12617,NA,DmSPI
FBgn0041195,CG6504,Polycystic kidney disease gene-2,Pkd2,NA,DmSPI
FBgn0043783,CG32444,-,CG32444,NA,DmSPI
FBgn0050103,CG30103,-,CG30103,NA,DmSPI
FBgn0050429,CG30429,-,CG30429,NA,DmSPI
FBgn0051120,CG31120,-,CG31120,NA,DmSPI
FBgn0051533,CG31533,-,CG31533,NA,DmSPI
FBgn0051546,CG31546,-,CG31546,NA,DmSPI
FBgn0051816,CG31816,-,CG31816,NA,DmSPI
FBgn0051973,CG31973,Chitin deacetylase-like 5,Cda5,NA,DmSPI
FBgn0052182,CG32182,-,CG32182,NA,DmSPI
FBgn0052488,CG32488,-,CG32488,NA,DmSPI
FBgn0052627,CG32627,-,CG32627,NA,DmSPI
FBgn0052654,CG32654,Sec16,Sec16,NA,DmSPI
FBgn0052832,CG32832,-,CG32832,NA,DmSPI
FBgn0053489,CG33489,-,CG33489,NA,DmSPI
FBgn0053937,CG33937,-,CG33937,NA,DmSPI
FBgn0085386,CG34357,-,CG34357,NA,DmSPI
FBgn0085443,CG34414,sprint,spri,NA,DmSPI
FBgn0086355,CG2171,Triose phosphate isomerase,Tpi,NA,DmSPI
FBgn0260397,CG17149,Suppressor of variegation 3-3,Su(var)3-3,NA,DmSPI
FBgn0260454,CG17139,-,CG17139,NA,DmSPI
FBgn0260461,CG14098,Reduction in Cnn dots 7,Rcd7,NA,DmSPI
FBgn0261064,CG8506,Rabenosyn-5,Rbsn-5,NA,DmSPI
FBgn0261358,CG42635,-,CG42635,NA,DmSPI
FBgn0261673,CG8776,no extended memory,nemy,NA,DmSPI
FBgn0001989,CG13240,lethal (2) 35Di,l(2)35Di,Sample 1,Current Study and DmSPI
FBgn0019957,CG6343,NADH:ubiquinone reductase 42kD subunit precursor,ND42,Sample 1,Current Study and DmSPI
FBgn0021776,CG12249,miranda,mira,Sample 1,Current Study and DmSPI
FBgn0025628,CG4199,-,CG4199,Sample 1,Current Study and DmSPI
FBgn0029888,CG3192,-,CG3192,Sample 1,Current Study and DmSPI
FBgn0031785,CG13991,-,CG13991,Sample 1,Current Study and DmSPI
FBgn0032453,CG6180,-,CG6180,Sample 1,Current Study and DmSPI
FBgn0033885,CG6646,DJ-1alpha,DJ-1alpha,Sample 1,Current Study and DmSPI
FBgn0034745,CG4329,-,CG4329,Sample 1,Current Study and DmSPI
FBgn0050324,CG30324,-,CG30324,Sample 1,Current Study and DmSPI
FBgn0261243,CG1009,Puromycin sensitive aminopeptidase,Psa,Sample 1,Current Study and DmSPI
FBgn0001104,CG10060,G protein alphai subunit 65A,G-ialpha65A,Sample 1,Current Study
FBgn0003009,CG3134,orientation disruptor,ord,Sample 1,Current Study
FBgn0003969,CG9209,vacuolar peduncle,vap,Sample 1,Current Study
FBgn0004133,CG1363,blown fuse,blow,Sample 1,Current Study
FBgn0004374,CG10718,nebbish,neb,Sample 1,Current Study
FBgn0010352,CG11661,Neural conserved at 73EF,Nc73EF,Sample 1,Current Study
FBgn0011722,CG11527,Tiggrin,Tig,Sample 1,Current Study
FBgn0013675,CG34069,mitochondrial Cytochrome c oxidase subunit II,mt:CoII,Sample 1,Current Study
FBgn0013764,CG3924,Chip,Chi,Sample 1,Current Study
FBgn0015360,CG32300,peptide O-xylosyltransferase,oxt,Sample 1,Current Study
FBgn0023513,CG14803,-,CG14803,Sample 1,Current Study
FBgn0026252,CG7935,moleskin,msk,Sample 1,Current Study
FBgn0028859,CG12455,-,CG12455,Sample 1,Current Study
FBgn0030504,CG2691,-,CG2691,Sample 1,Current Study
FBgn0001168,CG6494,hairy,h,Sample 1,Current Study
FBgn0003227,CG31293,recombination-defective,rec,Sample 1,Current Study
FBgn0011202,CG1768,diaphanous,dia,Sample 1,Current Study
FBgn0013591,CG8103,Mi-2,Mi-2,Sample 1,Current Study
FBgn0015799,CG7413,Retinoblastoma-family protein,Rbf,Sample 1,Current Study
FBgn0016691,CG4307,Oligomycin sensitivity-conferring protein,Oscp,Sample 1,Current Study
FBgn0021967,CG8844,Pdsw,Pdsw,Sample 1,Current Study
FBgn0025613,CG3081,-,CG3081,Sample 1,Current Study
FBgn0030004,CG10958,-,CG10958,Sample 1,Current Study
FBgn0030219,CG9817,-,CG9817,Sample 1,Current Study
FBgn0031081,CG9565,Neprilysin 3,Nep3,Sample 1,Current Study
FBgn0031374,CG7337,-,CG7337,Sample 1,Current Study
FBgn0031678,CG31918,-,CG31918,Sample 1,Current Study
FBgn0031959,CG7104,spatzle 3,spz3,Sample 1,Current Study
FBgn0031999,CG8419,-,CG8419,Sample 1,Current Study
FBgn0032095,CG18241,Toll-4,Toll-4,Sample 1,Current Study
FBgn0032402,CG14945,-,CG14945,Sample 1,Current Study
FBgn0033149,CG11060,-,CG11060,Sample 1,Current Study
FBgn0033187,CG2144,-,CG2144,Sample 1,Current Study
FBgn0033316,CG14749,-,CG14749,Sample 1,Current Study
FBgn0033379,CG8070,Mystery 45A,Mys45A,Sample 1,Current Study
FBgn0034641,CG10080,-,CG10080,Sample 1,Current Study
FBgn0034697,CG11061,GM130,GM130,Sample 1,Current Study
FBgn0035046,CG3683,-,CG3683,Sample 1,Current Study
FBgn0035268,CG8001,-,CG8001,Sample 1,Current Study
FBgn0035574,CG32239,Guanine nucleotide exchange factor GEF64C,Gef64C,Sample 1,Current Study
FBgn0035923,CG6511,-,CG6511,Sample 1,Current Study
FBgn0035942,CG5660,-,CG5660,Sample 1,Current Study
FBgn0036272,CG4300,-,CG4300,Sample 1,Current Study
FBgn0036511,CG6498,-,CG6498,Sample 1,Current Study
FBgn0036814,CG14073,-,CG14073,Sample 1,Current Study
FBgn0036886,CG9300,-,CG9300,Sample 1,Current Study
FBgn0037142,CG14562,-,CG14562,Sample 1,Current Study
FBgn0037447,CG2330,Neurochondrin,Neurochondrin,Sample 1,Current Study
FBgn0037935,CG6834,-,CG6834,Sample 1,Current Study
FBgn0038445,CG14891,-,CG14891,Sample 1,Current Study
FBgn0038473,CG3983,nucleostemin 1,ns1,Sample 1,Current Study
FBgn0038738,CG4572,-,CG4572,Sample 1,Current Study
FBgn0039691,CG1972,-,CG1972,Sample 1,Current Study
FBgn0039749,CG11498,-,CG11498,Sample 1,Current Study
FBgn0041180,CG10363,Thiolester containing protein IV,TepIV,Sample 1,Current Study
FBgn0051156,CG31156,-,CG31156,Sample 1,Current Study
FBgn0051797,CG31797,-,CG31797,Sample 1,Current Study
FBgn0052081,CG32081,-,CG32081,Sample 1,Current Study
FBgn0052186,CG32186,-,CG32186,Sample 1,Current Study
FBgn0052732,CG32732,-,CG32732,Sample 1,Current Study
FBgn0053548,CG33548,msta,msta,Sample 1,Current Study
FBgn0058232,CG41056,-,CG41056,Sample 1,Current Study
FBgn0064119,CG33934,-,CG33934,Sample 1,Current Study
FBgn0086443,CG10687,Asparaginyl-tRNA synthetase,Aats-asn,Sample 1,Current Study
FBgn0086693,CG4536,inactive,iav,Sample 1,Current Study
FBgn0086907,CG13263,Cytochrome c distal,Cyt-c-d,Sample 1,Current Study
FBgn0259818,CG42399,-,CG42399,Sample 1,Current Study
FBgn0261573,CG42687,CoRest,CoRest,Sample 1,Current Study
FBgn0003071,CG4001,Phosphofructokinase,Pfk,Sample 2,Current Study and DmSPI
FBgn0016120,CG6030,"ATP synthase, subunit d",ATPsyn-d,Sample 2,Current Study and DmSPI
FBgn0032648,CG15144,-,CG15144,Sample 2,Current Study and DmSPI
FBgn0083943,CG34107,-,CG34107,Sample 2,Current Study and DmSPI
FBgn0001098,CG5320,Glutamate dehydrogenase,Gdh,Sample 2,Current Study
FBgn0003731,CG10079,Epidermal growth factor receptor,Egfr,Sample 2,Current Study
FBgn0003891,CG9450,tudor,tud,Sample 2,Current Study
FBgn0011294,CG5430,antennal protein 5,a5,Sample 2,Current Study
FBgn0015756,CG6141,Ribosomal protein L9,RpL9,Sample 2,Current Study
FBgn0025117,CG4008,uninitiated,und,Sample 2,Current Study
FBgn0027499,CG12340,windei,wde,Sample 2,Current Study
FBgn0027951,CG2244,MTA1-like,MTA1-like,Sample 2,Current Study
FBgn0028903,CG13243,-,CG13243,Sample 2,Current Study
FBgn0030235,CG1691,IGF-II mRNA-binding protein,Imp,Sample 2,Current Study
FBgn0031052,CG14215,-,CG14215,Sample 2,Current Study
FBgn0000228,CG14025,Blastoderm-specific gene 25D,Bsg25D,Sample 2,Current Study
FBgn0001218,CG4147,Heat shock protein cognate 3,Hsc70-3,Sample 2,Current Study
FBgn0001219,CG4264,Heat shock protein cognate 4,Hsc70-4,Sample 2,Current Study
FBgn0003517,CG14792,stubarista,sta,Sample 2,Current Study
FBgn0004363,CG6647,porin,porin,Sample 2,Current Study
FBgn0015324,CG1088,Vacuolar H[+]-ATPase 26kD E subunit,Vha26,Sample 2,Current Study
FBgn0020762,CG2969,ABC transporter expressed in trachea,Atet,Sample 2,Current Study
FBgn0024182,CG1410,waclaw,waw,Sample 2,Current Study
FBgn0025592,CG18374,Glycerol kinase,Gyk,Sample 2,Current Study
FBgn0028474,CG4119,-,CG4119,Sample 2,Current Study
FBgn0028530,CG18124,mitochondrial transcription termination factor,mTTF,Sample 2,Current Study
FBgn0030506,CG12176,Ligase4,Lig4,Sample 2,Current Study
FBgn0030669,CG9240,-,CG9240,Sample 2,Current Study
FBgn0030890,CG7536,-,CG7536,Sample 2,Current Study
FBgn0031066,CG14235,-,CG14235,Sample 2,Current Study
FBgn0031377,CG15356,-,CG15356,Sample 2,Current Study
FBgn0031435,CG9883,-,CG9883,Sample 2,Current Study
FBgn0031698,CG14023,-,CG14023,Sample 2,Current Study
FBgn0032229,CG5045,-,CG5045,Sample 2,Current Study
FBgn0032467,CG9934,-,CG9934,Sample 2,Current Study
FBgn0033192,CG2105,Corin,Corin,Sample 2,Current Study
FBgn0033739,CG8529,Dystrobrevin-like,Dyb,Sample 2,Current Study
FBgn0033846,CG6061,Myb-interacting protein 120,mip120,Sample 2,Current Study
FBgn0034275,CG5002,-,CG5002,Sample 2,Current Study
FBgn0034408,CG12758,serrano,sano,Sample 2,Current Study
FBgn0035137,CG1233,-,CG1233,Sample 2,Current Study
FBgn0035346,CG1146,-,CG1146,Sample 2,Current Study
FBgn0036365,CG10732,-,CG10732,Sample 2,Current Study
FBgn0036581,CG5057,Mediator complex subunit 10,MED10,Sample 2,Current Study
FBgn0036795,CG18233,-,CG18233,Sample 2,Current Study
FBgn0036846,CG6818,Misexpression suppressor of ras 6,MESR6,Sample 2,Current Study
FBgn0036895,CG9392,-,CG9392,Sample 2,Current Study
FBgn0037025,CG11451,Spc105-related,Spc105R,Sample 2,Current Study
FBgn0037200,CG11109,-,CG11109,Sample 2,Current Study
FBgn0038721,CG16718,-,CG16718,Sample 2,Current Study
FBgn0039347,CG5071,-,CG5071,Sample 2,Current Study
FBgn0039503,CG14262,-,CG14262,Sample 2,Current Study
FBgn0039507,CG3361,martik,mrt,Sample 2,Current Study
FBgn0040763,CG18336,-,CG18336,Sample 2,Current Study
FBgn0041607,CG33486,asparagine synthetase,asparagine-synthetase,Sample 2,Current Study
FBgn0045202,CG33992,-,CG33992,Sample 2,Current Study
FBgn0050093,CG30093,-,CG30093,Sample 2,Current Study
FBgn0050181,CG30181,-,CG30181,Sample 2,Current Study
FBgn0050364,CG30364,hug-bell,hubl,Sample 2,Current Study
FBgn0050410,CG30410,-,CG30410,Sample 2,Current Study
FBgn0052269,CG32269,-,CG32269,Sample 2,Current Study
FBgn0052533,CG32533,-,CG32533,Sample 2,Current Study
FBgn0053193,CG33193,salvador,sav,Sample 2,Current Study
FBgn0259220,CG42320,Darkener of apricot,Doa,Sample 2,Current Study
FBgn0013810,CG5526,Dynein heavy chain at 36C,Dhc36C,Sample 3,Current Study and DmSPI
FBgn0033574,CG7722,-,Spn47C,Sample 3,Current Study and DmSPI
FBgn0035567,CG7514,-,CG7514,Sample 3,Current Study and DmSPI
FBgn0035581,CG17150,-,CG17150,Sample 3,Current Study and DmSPI
FBgn0036702,CG6512,-,CG6512,Sample 3,Current Study and DmSPI
FBgn0038000,CG10014,-,CG10014,Sample 3,Current Study and DmSPI
FBgn0039855,CG1638,-,CG1638,Sample 3,Current Study and DmSPI
FBgn0050007,CG30007,-,CG30007,Sample 3,Current Study and DmSPI
FBgn0051161,CG31161,-,CG31161,Sample 3,Current Study and DmSPI
FBgn0000541,CG32346,Enhancer of bithorax,E(bx),Sample 3,Current Study
FBgn0001308,CG7765,Kinesin heavy chain,Khc,Sample 3,Current Study
FBgn0001991,CG4894,Ca[2+]-channel protein alpha[[1]] subunit D,Ca-alpha1D,Sample 3,Current Study
FBgn0002563,CG4178,Larval serum protein 1 beta,Lsp1beta,Sample 3,Current Study
FBgn0002590,CG8922,Ribosomal protein S5a,RpS5a,Sample 3,Current Study
FBgn0002873,CG12047,mushroom body defect,mud,Sample 3,Current Study
FBgn0002905,CG6019,mutagen-sensitive 308,mus308,Sample 3,Current Study
FBgn0003016,CG3479,outspread,osp,Sample 3,Current Study
FBgn0003137,CG33103,Papilin,Ppn,Sample 3,Current Study
FBgn0003444,CG11561,smoothened,smo,Sample 3,Current Study
FBgn0003475,CG10076,spire,spir,Sample 3,Current Study
FBgn0004167,CG12008,karst,kst,Sample 3,Current Study
FBgn0004370,CG1817,Protein tyrosine phosphatase 10D,Ptp10D,Sample 3,Current Study
FBgn0004397,CG3299,Vinculin,Vinc,Sample 3,Current Study
FBgn0004449,CG5723,Tenascin major,Ten-m,Sample 3,Current Study
FBgn0004463,CG8344,RNA polymerase III 128kD subunit,RpIII128,Sample 3,Current Study
FBgn0004687,CG3201,Myosin light chain cytoplasmic,Mlc-c,Sample 3,Current Study
FBgn0005614,CG18345,trp-like,trpl,Sample 3,Current Study
FBgn0010417,CG32211,TBP-associated factor 6,Taf6,Sample 3,Current Study
FBgn0010549,CG8799,lethal (2) 03659,l(2)03659,Sample 3,Current Study
FBgn0011754,CG1830,Phosphorylase kinase gamma,PhKgamma,Sample 3,Current Study
FBgn0013563,CG6760,lethal (3) 70Da,l(3)70Da,Sample 3,Current Study
FBgn0013948,CG18389,Eip93F,Eip93F,Sample 3,Current Study
FBgn0014396,CG3234,timeless,tim,Sample 3,Current Study
FBgn0015024,CG2028,Casein kinase Ialpha,CkIalpha,Sample 3,Current Study
FBgn0015402,CG2899,kinase suppressor of ras,ksr,Sample 3,Current Study
FBgn0015791,CG4212,Rab-protein 14,Rab14,Sample 3,Current Study
FBgn0015907,CG13425,bancal,bl,Sample 3,Current Study
FBgn0016687,CG4634,Nucleosome remodeling factor - 38kD,Nurf-38,Sample 3,Current Study
FBgn0019968,CG8183,Kinesin-73,Khc-73,Sample 3,Current Study
FBgn0020294,CG10573,knockout,ko,Sample 3,Current Study
FBgn0020621,CG2049,Protein kinase related to protein kinase N,Pkn,Sample 3,Current Study
FBgn0021856,CG8674,lethal (2) k14505,l(2)k14505,Sample 3,Current Study
FBgn0022063,CG10228,Pcf11,Pcf11,Sample 3,Current Study
FBgn0023096,CG15148,beethoven,btv,Sample 3,Current Study
FBgn0023143,CG1782,Ubiquitin activating enzyme 1,Uba1,Sample 3,Current Study
FBgn0023172,CG9635,RhoGEF2,RhoGEF2,Sample 3,Current Study
FBgn0023541,CG3540,Cyp4d14,Cyp4d14,Sample 3,Current Study
FBgn0024308,CG4013,Smrter,Smr,Sample 3,Current Study
FBgn0025381,CG14782,-,CG14782,Sample 3,Current Study
FBgn0026239,CG31043,GUK-holder,gukh,Sample 3,Current Study
FBgn0027375,CG4879,homolog of RecQ,RecQ5,Sample 3,Current Study
FBgn0027570,CG9761,Neprilysin 2,Nep2,Sample 3,Current Study
FBgn0027582,CG6230,-,CG6230,Sample 3,Current Study
FBgn0027596,CG10249,-,CG10249,Sample 3,Current Study
FBgn0027598,CG31012,-,CG31012,Sample 3,Current Study
FBgn0027605,CG6842,Vacuolar protein sorting 4,Vps4,Sample 3,Current Study
FBgn0028479,CG4389,-,CG4389,Sample 3,Current Study
FBgn0028481,CG4341,-,CG4341,Sample 3,Current Study
FBgn0028671,CG1709,Vha100-1,Vha100-1,Sample 3,Current Study
FBgn0028695,CG7762,Rpn1,Rpn1,Sample 3,Current Study
FBgn0028734,CG6203,Fmr1,Fmr1,Sample 3,Current Study
FBgn0029006,CG4943,lethal with a checkpoint kinase,lack,Sample 3,Current Study
FBgn0029504,CG12690,Checkpoint suppressor homologue,CHES-1-like,Sample 3,Current Study
FBgn0029710,CG3568,-,CG3568,Sample 3,Current Study
FBgn0029899,CG14438,-,CG14438,Sample 3,Current Study
FBgn0029924,CG4586,-,CG4586,Sample 3,Current Study
FBgn0030027,CG1632,-,CG1632,Sample 3,Current Study
FBgn0030033,CG1387,-,CG1387,Sample 3,Current Study
FBgn0030171,CG2989,Cht6,Cht6,Sample 3,Current Study
FBgn0030252,CG2174,unconventional myosin class XV,Myo10A,Sample 3,Current Study
FBgn0030266,CG11122,-,CG11122,Sample 3,Current Study
FBgn0030591,CG9517,-,CG9517,Sample 3,Current Study
FBgn0030674,CG8184,-,CG8184,Sample 3,Current Study
FBgn0030753,CG4420,-,CG4420,Sample 3,Current Study
FBgn0031171,CG1801,-,CG1801,Sample 3,Current Study
FBgn0000008,CG6741,arc,a,Sample 3,Current Study
FBgn0000258,CG17520,Casein kinase II alpha subunit,CkIIalpha,Sample 3,Current Study
FBgn0001075,CG3352,fat,ft,Sample 3,Current Study
FBgn0001187,CG8094,Hexokinase C,Hex-C,Sample 3,Current Study
FBgn0001324,CG8491,kohtalo,kto,Sample 3,Current Study
FBgn0001965,CG7793,Son of sevenless,Sos,Sample 3,Current Study
FBgn0003165,CG9755,pumilio,pum,Sample 3,Current Study
FBgn0003278,CG4033,RNA polymerase I 135kD subunit,RpI135,Sample 3,Current Study
FBgn0003308,CG7642,rosy,ry,Sample 3,Current Study
FBgn0003887,CG9277,beta-Tubulin at 56D,betaTub56D,Sample 3,Current Study
FBgn0004391,CG9198,shattered,shtd,Sample 3,Current Study
FBgn0004404,CG1527,Ribosomal protein S14b,RpS14b,Sample 3,Current Study
FBgn0004509,CG10772,Furin 1,Fur1,Sample 3,Current Study
FBgn0010328,CG5965,without children,woc,Sample 3,Current Study
FBgn0011559,CG7157,Accessory gland peptide 36DE,Acp36DE,Sample 3,Current Study
FBgn0011676,CG6713,Nitric oxide synthase,Nos,Sample 3,Current Study
FBgn0011828,CG12002,Peroxidasin,Pxn,Sample 3,Current Study
FBgn0015793,CG7062,Rab-related protein 3,Rab-RP3,Sample 3,Current Study
FBgn0017429,CG5989,-,CG5989,Sample 3,Current Study
FBgn0022768,CG2984,Protein phosphatase 2C,Pp2C1,Sample 3,Current Study
FBgn0023213,CG10811,eukaryotic translation initiation factor 4G,eIF4G,Sample 3,Current Study
FBgn0024191,CG7238,septin interacting protein 1,sip1,Sample 3,Current Study
FBgn0024293,CG1865,Serine protease inhibitor 43Ab,Spn43Ab,Sample 3,Current Study
FBgn0024975,CG2712,-,CG2712,Sample 3,Current Study
FBgn0024992,CG2658,-,CG2658,Sample 3,Current Study
FBgn0025463,CG4303,Brahma associated protein 60kD,Bap60,Sample 3,Current Study
FBgn0025836,CG40494,RhoGAP1A,RhoGAP1A,Sample 3,Current Study
FBgn0026432,CG5688,Grip163,Grip163,Sample 3,Current Study
FBgn0026611,CG6671,Argonaute-1,AGO1,Sample 3,Current Study
FBgn0028471,CG5720,-,CG5720,Sample 3,Current Study
FBgn0028539,CG31731,-,CG31731,Sample 3,Current Study
FBgn0028692,CG11888,Rpn2,Rpn2,Sample 3,Current Study
FBgn0028863,CG4587,-,CG4587,Sample 3,Current Study
FBgn0029003,CG4746,mab-21,mab-21,Sample 3,Current Study
FBgn0030049,CG11265,-,Trf4-1,Sample 3,Current Study
FBgn0030170,CG2990,-,CG2990,Sample 3,Current Study
FBgn0030286,CG1657,-,CG1657,Sample 3,Current Study
FBgn0030330,CG1841,Transport and Golgi organization,Tango10,Sample 3,Current Study
FBgn0030629,CG9123,-,CG9123,Sample 3,Current Study
FBgn0030810,CG9059,-,CG9059,Sample 3,Current Study
FBgn0030989,CG7537,inx5,inx5,Sample 3,Current Study
FBgn0031216,CG11376,-,CG11376,Sample 3,Current Study
FBgn0031534,CG2774,-,CG2774,Sample 3,Current Study
FBgn0031651,CG8849,mitochondrial ribosomal protein L24,mRpL24,Sample 3,Current Study
FBgn0031740,CG7239,-,CG7239,Sample 3,Current Study
FBgn0031866,CG13772,neuroligin,neuroligin,Sample 3,Current Study
FBgn0031935,CG13793,-,CG13793,Sample 3,Current Study
FBgn0031990,CG8552,-,CG8552,Sample 3,Current Study
FBgn0032006,CG8222,PDGF- and VEGF-receptor related,Pvr,Sample 3,Current Study
FBgn0032068,CG9466,-,CG9466,Sample 3,Current Study
FBgn0032144,CG17633,-,CG17633,Sample 3,Current Study
FBgn0032169,CG4709,-,CG4709,Sample 3,Current Study
FBgn0032442,CG15485,-,CG15485,Sample 3,Current Study
FBgn0032454,CG5787,-,CG5787,Sample 3,Current Study
FBgn0032492,CG5648,Proteasome alpha6T subunit,Prosalpha6T,Sample 3,Current Study
FBgn0032517,CG7099,-,CG7099,Sample 3,Current Study
FBgn0032530,CG9263,-,CG9263,Sample 3,Current Study
FBgn0032593,CG5996,trpgamma,trpgamma,Sample 3,Current Study
FBgn0032633,CG6860,-,CG6860,Sample 3,Current Study
FBgn0032666,CG5758,-,CG5758,Sample 3,Current Study
FBgn0032690,CG10333,-,CG10333,Sample 3,Current Study
FBgn0032724,CG10428,-,CG10428,Sample 3,Current Study
FBgn0032796,CG10188,-,CG10188,Sample 3,Current Study
FBgn0032815,CG10462,-,CG10462,Sample 3,Current Study
FBgn0032883,CG9323,-,CG9323,Sample 3,Current Study
FBgn0032924,CG9247,-,CG9247,Sample 3,Current Study
FBgn0032956,CG1512,Cullin-2,Cul-2,Sample 3,Current Study
FBgn0033167,CG1701,-,CG1701,Sample 3,Current Study
FBgn0033226,CG1882,-,CG1882,Sample 3,Current Study
FBgn0033235,CG8728,-,CG8728,Sample 3,Current Study
FBgn0033312,CG8642,-,CG8642,Sample 3,Current Study
FBgn0033478,CG2264,magu,magu,Sample 3,Current Study
FBgn0033504,CG18408,CAP,CAP,Sample 3,Current Study
FBgn0033538,CG11883,-,CG11883,Sample 3,Current Study
FBgn0033557,CG12325,-,CG12325,Sample 3,Current Study
FBgn0033636,CG10897,toutatis,tou,Sample 3,Current Study
FBgn0033698,CG8858,-,CG8858,Sample 3,Current Study
FBgn0033738,CG8830,-,CG8830,Sample 3,Current Study
FBgn0033741,CG8545,-,CG8545,Sample 3,Current Study
FBgn0033751,CG8818,-,CG8818,Sample 3,Current Study
FBgn0033848,CG13330,-,CG13330,Sample 3,Current Study
FBgn0034023,CG12960,Ionotropic receptor 52a,Ir52a,Sample 3,Current Study
FBgn0034104,CG15705,-,CG15705,Sample 3,Current Study
FBgn0034139,CG4927,-,CG4927,Sample 3,Current Study
FBgn0034180,CG15609,-,CG15609,Sample 3,Current Study
FBgn0034217,CG18468,Lethal hybrid rescue,Lhr,Sample 3,Current Study
FBgn0034258,CG4954,eIF3-S8,eIF3-S8,Sample 3,Current Study
FBgn0034391,CG15080,-,CG15080,Sample 3,Current Study
FBgn0034400,CG15099,-,CG15099,Sample 3,Current Study
FBgn0034493,CG8908,-,CG8908,Sample 3,Current Study
FBgn0034542,CG9025,Fem-1,Fem-1,Sample 3,Current Study
FBgn0034568,CG3216,-,CG3216,Sample 3,Current Study
FBgn0034612,CG10505,-,CG10505,Sample 3,Current Study
FBgn0034684,CG13501,-,CG13501,Sample 3,Current Study
FBgn0034853,CG13550,-,CG13550,Sample 3,Current Study
FBgn0034878,CG3941,pita,pita,Sample 3,Current Study
FBgn0035025,CG11416,unconventional prefoldin RPB5 interactor,uri,Sample 3,Current Study
FBgn0035106,CG7036,rhinoceros,rno,Sample 3,Current Study
FBgn0035107,CG1216,mrityu,mri,Sample 3,Current Study
FBgn0035113,CG17142,pyrexia,pyx,Sample 3,Current Study
FBgn0035207,CG9153,-,CG9153,Sample 3,Current Study
FBgn0035213,CG2199,-,CG2199,Sample 3,Current Study
FBgn0035336,CG9004,-,CG9004,Sample 3,Current Study
FBgn0035376,CG2083,-,CG2083,Sample 3,Current Study
FBgn0035397,CG11486,-,CG11486,Sample 3,Current Study
FBgn0035420,CG14967,-,CG14967,Sample 3,Current Study
FBgn0035452,CG10359,-,CG10359,Sample 3,Current Study
FBgn0035522,CG1273,-,CG1273,Sample 3,Current Study
FBgn0035539,CG7447,slowdown,slow,Sample 3,Current Study
FBgn0035689,CG7376,-,CG7376,Sample 3,Current Study
FBgn0035713,CG10107,-,CG10107,Sample 3,Current Study
FBgn0035830,CG8209,-,CG8209,Sample 3,Current Study
FBgn0035852,CG7387,-,CG7387,Sample 3,Current Study
FBgn0036004,CG3654,-,Jarid2,Sample 3,Current Study
FBgn0036018,CG3335,-,CG3335,Sample 3,Current Study
FBgn0036214,CG7264,-,CG7264,Sample 3,Current Study
FBgn0036402,CG6650,-,CG6650,Sample 3,Current Study
FBgn0036405,CG6833,-,CG6833,Sample 3,Current Study
FBgn0036454,CG17839,-,CG17839,Sample 3,Current Study
FBgn0036480,CG17081,-,Cep135,Sample 3,Current Study
FBgn0036557,CG5904,mitochondrial ribosomal protein S31,mRpS31,Sample 3,Current Study
FBgn0036829,CG14076,Ionotropic receptor 75d,Ir75d,Sample 3,Current Study
FBgn0036892,CG8798,-,CG8798,Sample 3,Current Study
FBgn0036906,CG14102,-,CG14102,Sample 3,Current Study
FBgn0037014,CG13251,-,CG13251,Sample 3,Current Study
FBgn0037037,CG10588,-,CG10588,Sample 3,Current Study
FBgn0037074,CG7324,-,CG7324,Sample 3,Current Study
FBgn0037099,CG7173,-,CG7173,Sample 3,Current Study
FBgn0037205,CG11133,-,CG11133,Sample 3,Current Study
FBgn0037377,CG1218,-,CG1218,Sample 3,Current Study
FBgn0037448,CG15186,-,CG15186,Sample 3,Current Study
FBgn0037467,CG1104,-,CG1104,Sample 3,Current Study
FBgn0037492,CG10050,-,CG10050,Sample 3,Current Study
FBgn0037583,CG9684,-,CG9684,Sample 3,Current Study
FBgn0037644,CG11964,-,CG11964,Sample 3,Current Study
FBgn0037810,CG12819,slender lobes,sle,Sample 3,Current Study
FBgn0037897,CG5270,-,CG5270,Sample 3,Current Study
FBgn0037998,CG4848,-,CG4848,Sample 3,Current Study
FBgn0038006,CG10094,Cyp313a2,Cyp313a2,Sample 3,Current Study
FBgn0038016,CG10042,MBD-R2,MBD-R2,Sample 3,Current Study
FBgn0038018,CG10090,Tim17a1,Tim17a1,Sample 3,Current Study
FBgn0038133,CG8644,Osiris 22,Osi22,Sample 3,Current Study
FBgn0038146,CG9799,-,CG9799,Sample 3,Current Study
FBgn0038213,CG9624,-,CG9624,Sample 3,Current Study
FBgn0038268,CG3631,-,CG3631,Sample 3,Current Study
FBgn0038324,CG5038,-,CG5038,Sample 3,Current Study
FBgn0038339,CG6118,-,CG6118,Sample 3,Current Study
FBgn0038364,CG4699,-,CG4699,Sample 3,Current Study
FBgn0038422,CG14880,-,CG14880,Sample 3,Current Study
FBgn0038469,CG4009,-,CG4009,Sample 3,Current Study
FBgn0038478,CG5148,chromosome alignment defect 1,cal1,Sample 3,Current Study
FBgn0038531,CG14325,-,CG14325,Sample 3,Current Study
FBgn0038700,CG3734,-,CG3734,Sample 3,Current Study
FBgn0038877,CG3308,-,CG3308,Sample 3,Current Study
FBgn0038897,CG5849,-,CG5849,Sample 3,Current Study
FBgn0038927,CG6015,-,CG6015,Sample 3,Current Study
FBgn0039000,CG6954,-,CG6954,Sample 3,Current Study
FBgn0039005,CG6969,-,CG6969,Sample 3,Current Study
FBgn0039006,CG12800,Cyp6d4,Cyp6d4,Sample 3,Current Study
FBgn0039075,CG4393,-,CG4393,Sample 3,Current Study
FBgn0039098,CG13822,-,CG13822,Sample 3,Current Study
FBgn0039157,CG5501,Myosin 95E,Myo95E,Sample 3,Current Study
FBgn0039164,CG5524,-,CG5524,Sample 3,Current Study
FBgn0039206,CG6631,anastral spindle 1,ana1,Sample 3,Current Study
FBgn0039339,CG5116,-,CG5116,Sample 3,Current Study
FBgn0039398,CG14540,-,CG14540,Sample 3,Current Study
FBgn0039419,CG12290,-,CG12290,Sample 3,Current Study
FBgn0039536,CG18437,-,CG18437,Sample 3,Current Study
FBgn0039540,CG12879,-,CG12879,Sample 3,Current Study
FBgn0039562,CG5520,Glycoprotein 93,Gp93,Sample 3,Current Study
FBgn0039581,CG1866,Moca-cyp,Moca-cyp,Sample 3,Current Study
FBgn0039631,CG11305,Sirt7,Sirt7,Sample 3,Current Study
FBgn0039654,CG14514,Brd8,Brd8,Sample 3,Current Study
FBgn0039728,CG7896,-,CG7896,Sample 3,Current Study
FBgn0039743,CG7946,-,CG7946,Sample 3,Current Study
FBgn0039836,CG1750,-,CG1750,Sample 3,Current Study
FBgn0040001,CG17374,-,CG17374,Sample 3,Current Study
FBgn0040022,CG40351,-,CG40351,Sample 3,Current Study
FBgn0040290,CG7487,RecQ4,RecQ4,Sample 3,Current Study
FBgn0040347,CG3026,mus81,mus81,Sample 3,Current Study
FBgn0040372,CG2995,G9a,G9a,Sample 3,Current Study
FBgn0040396,CG3939,-,CG3939,Sample 3,Current Study
FBgn0041092,CG13109,taiman,tai,Sample 3,Current Study
FBgn0041182,CG7052,Thiolester containing protein II,TepII,Sample 3,Current Study
FBgn0043799,CG31381,-,CG31381,Sample 3,Current Study
FBgn0046332,CG31003,gasket,gskt,Sample 3,Current Study
FBgn0046704,CG11199,Liprin-alpha,Liprin-alpha,Sample 3,Current Study
FBgn0050110,CG30110,-,CG30110,Sample 3,Current Study
FBgn0050259,CG30259,-,CG30259,Sample 3,Current Study
FBgn0050377,CG30377,-,CG30377,Sample 3,Current Study
FBgn0050456,CG30456,-,CG30456,Sample 3,Current Study
FBgn0050468,CG30468,Ionotropic receptor 52c,Ir52c,Sample 3,Current Study
FBgn0051183,CG31183,-,CG31183,Sample 3,Current Study
FBgn0051424,CG31424,Ionotropic receptor 94b,Ir94b,Sample 3,Current Study
FBgn0051465,CG31465,-,CG31465,Sample 3,Current Study
FBgn0051534,CG31534,-,CG31534,Sample 3,Current Study
FBgn0051706,CG31706,-,CG31706,Sample 3,Current Study
FBgn0051809,CG31809,-,CG31809,Sample 3,Current Study
FBgn0051874,CG31874,-,CG31874,Sample 3,Current Study
FBgn0052227,CG32227,golden goal,gogo,Sample 3,Current Study
FBgn0052438,CG32438,Smc5,Smc5,Sample 3,Current Study
FBgn0052529,CG32529,-,CG32529,Sample 3,Current Study
FBgn0052572,CG32572,-,CG32572,Sample 3,Current Study
FBgn0052681,CG32681,-,CG32681,Sample 3,Current Study
FBgn0052686,CG32686,-,CG32686,Sample 3,Current Study
FBgn0052702,CG32702,-,CG32702,Sample 3,Current Study
FBgn0052756,CG32756,-,CG32756,Sample 3,Current Study
FBgn0053087,CG33087,LDL receptor protein 1,LRP1,Sample 3,Current Study
FBgn0053113,CG33113,Rtnl1,Rtnl1,Sample 3,Current Study
FBgn0053143,CG33143,-,CG33143,Sample 3,Current Study
FBgn0053196,CG33196,dumpy,dp,Sample 3,Current Study
FBgn0053555,CG33555,bitesize,btsz,Sample 3,Current Study
FBgn0053556,CG33556,formin 3,form3,Sample 3,Current Study
FBgn0053970,CG33970,-,CG33970,Sample 3,Current Study
FBgn0061200,CG4453,Nucleoporin 153,Nup153,Sample 3,Current Study
FBgn0067783,CG4241,alternative testis transcripts open reading frame A,att-ORFA,Sample 3,Current Study
FBgn0082831,CG6525,protein partner of snf,pps,Sample 3,Current Study
FBgn0083949,CG34113,-,CG34113,Sample 3,Current Study
FBgn0085383,CG34354,-,CG34354,Sample 3,Current Study
FBgn0085390,CG34361,-,Dgk,Sample 3,Current Study
FBgn0085401,CG34372,-,CG34372,Sample 3,Current Study
FBgn0085440,CG34411,-,CG34411,Sample 3,Current Study
FBgn0085481,CG34452,-,CG34452,Sample 3,Current Study
FBgn0086784,CG8739,stambha A,stmA,Sample 3,Current Study
FBgn0086901,CG34389,crossveinless c,cv-c,Sample 3,Current Study
FBgn0243511,CG4845,phagocyte signaling impaired,psidin,Sample 3,Current Study
FBgn0250754,CG42232,-,CG42232,Sample 3,Current Study
FBgn0250786,CG3733,Chromodomain-helicase-DNA-binding protein 1,Chd1,Sample 3,Current Study
FBgn0250816,CG40300,Argonaute 3,AGO3,Sample 3,Current Study
FBgn0259100,CG42248,-,CG42248,Sample 3,Current Study
FBgn0259140,CG42255,-,CG42255,Sample 3,Current Study
FBgn0259227,CG42327,-,CG42327,Sample 3,Current Study
FBgn0259734,CG42388,-,CG42388,Sample 3,Current Study
FBgn0259736,CG42390,-,CG42390,Sample 3,Current Study
FBgn0259927,CG42450,-,CG42450,Sample 3,Current Study
FBgn0259938,CG17100,clockwork orange,cwo,Sample 3,Current Study
FBgn0259977,CG30445,Tyrosine decarboxylase 1,Tdc1,Sample 3,Current Study
FBgn0260934,CG8201,par-1,par-1,Sample 3,Current Study
FBgn0260959,CG42572,Microcephalin,MCPH1,Sample 3,Current Study
FBgn0261046,CG31190,-,Dscam3,Sample 3,Current Study
FBgn0261049,CG8228,Vacuolar protein sorting 45,Vps45,Sample 3,Current Study
FBgn0261259,CG42610,-,Fhos,Sample 3,Current Study
FBgn0261279,CG42250,liquid facets-Related,lqfR,Sample 3,Current Study
FBgn0261394,CG9327,Proteasome 29kD subunit,Pros29,Sample 3,Current Study
FBgn0261532,CG7212,cadmus,cdm,Sample 3,Current Study
FBgn0261546,CG42664,axotactin,axo,Sample 3,Current Study
FBgn0261549,CG42667,retinal degeneration A,rdgA,Sample 3,Current Study
FBgn0261550,CG42668,-,CG42668,Sample 3,Current Study
FBgn0261565,CG42679,Limpet,Lmpt,Sample 3,Current Study
FBgn0261613,CG42702,O/E-associated zinc finger protein,Oaz,Sample 3,Current Study
FBgn0261688,CG42636,Guanylyl cyclase at 76C,Gyc76C,Sample 3,Current Study
FBgn0261794,CG5594,kazachoc,kcc,Sample 3,Current Study
FBgn0261797,CG7507,Dynein heavy chain 64C,Dhc64C,Sample 3,Current Study
FBgn0261922,CG10260,-,CG10260,Sample 3,Current Study
FBgn0000064,CG6058,Aldolase,Ald,Triple,Current Study and DmSPI
FBgn0000261,CG6871,Catalase,Cat,Triple,Current Study and DmSPI
FBgn0000579,CG17654,Enolase,Eno,Triple,Current Study and DmSPI
FBgn0001124,CG8430,Glutamate oxaloacetate transaminase 1,Got1,Triple,Current Study and DmSPI
FBgn0003074,CG8251,Phosphoglucose isomerase,Pgi,Triple,Current Study and DmSPI
FBgn0003423,CG1417,sluggish A,slgA,Triple,Current Study and DmSPI
FBgn0003889,CG9359,beta-Tubulin at 85D,betaTub85D,Triple,Current Study and DmSPI
FBgn0003890,CG4869,beta-Tubulin at 97EF,betaTub97EF,Triple,Current Study and DmSPI
FBgn0011211,CG3612,bellwether,blw,Triple,Current Study and DmSPI
FBgn0011270,CG17645,Pglym87,Pglym87,Triple,Current Study and DmSPI
FBgn0012036,CG3752,Aldehyde dehydrogenase,Aldh,Triple,Current Study and DmSPI
FBgn0017566,CG2286,NADH:ubiquinone reductase 75kD subunit precursor,ND75,Triple,Current Study and DmSPI
FBgn0019624,CG14724,Cytochrome c oxidase subunit Va,CoVa,Triple,Current Study and DmSPI
FBgn0020235,CG7610,ATP synthase-gamma chain,ATPsyn-gamma,Triple,Current Study and DmSPI
FBgn0025111,CG1683,Adenine nucleotide translocase 2,Ant2,Triple,Current Study and DmSPI
FBgn0026141,CG5450,Cytoplasmic dynein light chain 2,Cdlc2,Triple,Current Study and DmSPI
FBgn0026189,CG7740,prominin-like,prominin-like,Triple,Current Study and DmSPI
FBgn0026409,CG4994,Mitochondrial phosphate carrier protein,Mpcp,Triple,Current Study and DmSPI
FBgn0027580,CG1516,-,CG1516,Triple,Current Study and DmSPI
FBgn0028848,CG7311,-,CG7311,Triple,Current Study and DmSPI
FBgn0028870,CG4691,-,CG4691,Triple,Current Study and DmSPI
FBgn0028902,CG4767,Tektin A,Tektin-A,Triple,Current Study and DmSPI
FBgn0029084,CG6727,gomdanji,gom,Triple,Current Study and DmSPI
FBgn0029722,CG7024,-,CG7024,Triple,Current Study and DmSPI
FBgn0029747,CG5062,-,CG5062,Triple,Current Study and DmSPI
FBgn0029890,CG4095,-,CG4095,Triple,Current Study and DmSPI
FBgn0030691,CG8959,-,CG8959,Triple,Current Study and DmSPI
FBgn0030975,CG7349,-,CG7349,Triple,Current Study and DmSPI
FBgn0031392,CG7263,Apoptosis inducing factor,AIF,Triple,Current Study and DmSPI
FBgn0031476,CG8813,-,CG8813,Triple,Current Study and DmSPI
FBgn0031545,CG3213,-,CG3213,Triple,Current Study and DmSPI
FBgn0031831,CG11043,-,CG11043,Triple,Current Study and DmSPI
FBgn0031859,CG17377,-,CG17377,Triple,Current Study and DmSPI
FBgn0031912,CG5261,-,CG5261,Triple,Current Study and DmSPI
FBgn0031944,CG7196,-,CG7196,Triple,Current Study and DmSPI
FBgn0032003,CG8349,-,CG8349,Triple,Current Study and DmSPI
FBgn0032061,CG9314,-,CG9314,Triple,Current Study and DmSPI
FBgn0032464,CG5075,-,CG5075,Triple,Current Study and DmSPI
FBgn0032471,CG5122,-,CG5122,Triple,Current Study and DmSPI
FBgn0032478,CG5458,-,CG5458,Triple,Current Study and DmSPI
FBgn0033286,CG2127,-,CG2127,Triple,Current Study and DmSPI
FBgn0033287,CG8701,-,CG8701,Triple,Current Study and DmSPI
FBgn0033377,CG8073,Phosphomannomutase 45A,Pmm45A,Triple,Current Study and DmSPI
FBgn0033860,CG18369,-,CG18369,Triple,Current Study and DmSPI
FBgn0033862,CG6209,-,CG6209,Triple,Current Study and DmSPI
FBgn0033868,CG13340,-,CG13340,Triple,Current Study and DmSPI
FBgn0033883,CG16935,-,CG16935,Triple,Current Study and DmSPI
FBgn0033953,CG12861,-,CG12861,Triple,Current Study and DmSPI
FBgn0033954,CG12860,-,CG12860,Triple,Current Study and DmSPI
FBgn0034105,CG7755,-,CG7755,Triple,Current Study and DmSPI
FBgn0034121,CG6262,-,CG6262,Triple,Current Study and DmSPI
FBgn0034132,CG4439,-,CG4439,Triple,Current Study and DmSPI
FBgn0034133,CG7813,-,CG7813,Triple,Current Study and DmSPI
FBgn0034173,CG9010,-,CG9010,Triple,Current Study and DmSPI
FBgn0034467,CG15128,-,CG15128,Triple,Current Study and DmSPI
FBgn0034601,CG4286,-,CG4286,Triple,Current Study and DmSPI
FBgn0034800,CG3788,-,CG3788,Triple,Current Study and DmSPI
FBgn0034816,CG3085,-,CG3085,Triple,Current Study and DmSPI
FBgn0034957,CG3121,-,CG3121,Triple,Current Study and DmSPI
FBgn0035005,CG3483,-,CG3483,Triple,Current Study and DmSPI
FBgn0035198,CG9133,-,CG9133,Triple,Current Study and DmSPI
FBgn0035348,CG16758,-,CG16758,Triple,Current Study and DmSPI
FBgn0035915,CG6372,-,CG6372,Triple,Current Study and DmSPI
FBgn0035957,CG5144,-,CG5144,Triple,Current Study and DmSPI
FBgn0036222,CG5718,-,CG5718,Triple,Current Study and DmSPI
FBgn0036328,CG10749,-,CG10749,Triple,Current Study and DmSPI
FBgn0036568,CG5389,-,CG5389,Triple,Current Study and DmSPI
FBgn0036762,CG7430,-,CG7430,Triple,Current Study and DmSPI
FBgn0036784,CG5103,-,CG5103,Triple,Current Study and DmSPI
FBgn0037064,CG9389,-,CG9389,Triple,Current Study and DmSPI
FBgn0037643,CG11963,skpA associated protein,skap,Triple,Current Study and DmSPI
FBgn0037726,CG9492,-,CG9492,Triple,Current Study and DmSPI
FBgn0037862,CG4706,-,CG4706,Triple,Current Study and DmSPI
FBgn0037891,CG5214,-,CG5214,Triple,Current Study and DmSPI
FBgn0037962,CG6971,-,CG6971,Triple,Current Study and DmSPI
FBgn0037988,CG14740,-,CG14740,Triple,Current Study and DmSPI
FBgn0038163,CG10841,-,CG10841,Triple,Current Study and DmSPI
FBgn0038208,CG14355,-,CG14355,Triple,Current Study and DmSPI
FBgn0038271,CG3731,-,CG3731,Triple,Current Study and DmSPI
FBgn0038373,CG4546,-,CG4546,Triple,Current Study and DmSPI
FBgn0038486,CG5265,-,CG5265,Triple,Current Study and DmSPI
FBgn0038706,CG3517,-,CG3517,Triple,Current Study and DmSPI
FBgn0038708,CG6255,-,CG6255,Triple,Current Study and DmSPI
FBgn0038921,CG6332,-,CG6332,Triple,Current Study and DmSPI
FBgn0038922,CG6439,-,CG6439,Triple,Current Study and DmSPI
FBgn0038952,CG7069,-,CG7069,Triple,Current Study and DmSPI
FBgn0039071,CG4434,-,CG4434,Triple,Current Study and DmSPI
FBgn0039104,CG10252,-,CG10252,Triple,Current Study and DmSPI
FBgn0039425,CG5432,-,CG5432,Triple,Current Study and DmSPI
FBgn0039635,CG11876,-,CG11876,Triple,Current Study and DmSPI
FBgn0039651,CG14508,-,CG14508,Triple,Current Study and DmSPI
FBgn0039799,CG15543,-,CG15543,Triple,Current Study and DmSPI
FBgn0042094,CG6612,Adenylate kinase-3,Adk3,Triple,Current Study and DmSPI
FBgn0042710,CG32849,Hex-t2,Hex-t2,Triple,Current Study and DmSPI
FBgn0043854,CG9506,slow as molasses,slam,Triple,Current Study and DmSPI
FBgn0045770,CG32063,-,CG32063,Triple,Current Study and DmSPI
FBgn0050278,CG30278,-,CG30278,Triple,Current Study and DmSPI
FBgn0051025,CG31025,-,CG31025,Triple,Current Study and DmSPI
FBgn0051029,CG31029,-,CG31029,Triple,Current Study and DmSPI
FBgn0051115,CG31115,-,CG31115,Triple,Current Study and DmSPI
FBgn0051644,CG31644,-,CG31644,Triple,Current Study and DmSPI
FBgn0051920,CG31920,-,CG31920,Triple,Current Study and DmSPI
FBgn0052026,CG32026,-,CG32026,Triple,Current Study and DmSPI
FBgn0052064,CG32064,-,CG32064,Triple,Current Study and DmSPI
FBgn0052351,CG32351,-,CG32351,Triple,Current Study and DmSPI
FBgn0052436,CG32436,-,CG32436,Triple,Current Study and DmSPI
FBgn0052445,CG32445,-,CG32445,Triple,Current Study and DmSPI
FBgn0053340,CG33340,-,CG33340,Triple,Current Study and DmSPI
FBgn0053523,CG33523,-,CG33523,Triple,Current Study and DmSPI
FBgn0069354,CG17137,Porin2,Porin2,Triple,Current Study and DmSPI
FBgn0086254,CG6084,-,CG6084,Triple,Current Study and DmSPI
FBgn0086906,CG1915,sallimus,sls,Triple,Current Study and DmSPI
FBgn0250814,CG4169,-,CG4169,Triple,Current Study and DmSPI
FBgn0259795,CG4750,loopin-1,loopin-1,Triple,Current Study and DmSPI
FBgn0261015,CG42599,-,Pif1A,Triple,Current Study and DmSPI
FBgn0261439,CG17246,Succinate dehydrogenase A,SdhA,Triple,Current Study and DmSPI
FBgn0261836,CG42768,Muscle-specific protein 300,Msp-300,Triple,Current Study and DmSPI
FBgn0000042,CG4027,Actin 5C,Act5C,Triple,Current Study
FBgn0000046,CG18290,Actin 87E,Act87E,Triple,Current Study
FBgn0003416,CG4200,small wing,sl,Triple,Current Study
FBgn0004047,CG11129,Yolk protein 3,Yp3,Triple,Current Study
FBgn0010100,CG9244,Aconitase,Acon,Triple,Current Study
FBgn0010213,CG8905,Superoxide dismutase 2 (Mn),Sod2,Triple,Current Study
FBgn0010217,CG11154,ATP synthase-beta,ATPsyn-beta,Triple,Current Study
FBgn0010355,CG17603,TBP-associated factor 1,Taf1,Triple,Current Study
FBgn0011230,CG14472,purity of essence,poe,Triple,Current Study
FBgn0011771,CG5837,HEM-protein,Hem,Triple,Current Study
FBgn0011829,CG14396,Ret oncogene,Ret,Triple,Current Study
FBgn0013733,CG18076,short stop,shot,Triple,Current Study
FBgn0013988,CG18255,Stretchin-Mlck,Strn-Mlck,Triple,Current Study
FBgn0014007,CG10975,Protein tyrosine phosphatase 69D,Ptp69D,Triple,Current Study
FBgn0014141,CG3937,cheerio,cher,Triple,Current Study
FBgn0015615,CG9802,Chromosome-associated protein,Cap,Triple,Current Study
FBgn0020503,CG5020,Cytoplasmic linker protein 190,CLIP-190,Triple,Current Study
FBgn0021847,CG8325,lethal (2) k14710,l(2)k14710,Triple,Current Study
FBgn0024277,CG18214,trio,trio,Triple,Current Study
FBgn0025641,CG14622,Dishevelled Associated Activator of Morphogenesis,DAAM,Triple,Current Study
FBgn0026059,CG31045,Myosin heavy chain-like,Mhcl,Triple,Current Study
FBgn0026427,CG12864,Su(var)2-HP2,Su(var)2-HP2,Triple,Current Study
FBgn0027560,CG4104,Trehalose-6-phosphate synthase 1,Tps1,Triple,Current Study
FBgn0027585,CG8740,-,CG8740,Triple,Current Study
FBgn0028997,CG8362,nmdyn-D7,nmdyn-D7,Triple,Current Study
FBgn0029660,CG10801,-,CG10801,Triple,Current Study
FBgn0029706,CG3626,-,CG3626,Triple,Current Study
FBgn0029966,CG15324,Ionotropic receptor 7c,Ir7c,Triple,Current Study
FBgn0030087,CG7766,-,CG7766,Triple,Current Study
FBgn0031078,CG11943,-,CG11943,Triple,Current Study
FBgn0001311,CG2666,krotzkopf verkehrt,kkv,Triple,Current Study
FBgn0001314,CG17629,male fertility factor kl3,kl-3,Triple,Current Study
FBgn0001315,CG40444,male fertility factor kl5,kl-5,Triple,Current Study
FBgn0002031,CG10691,lethal (2) 37Cc,l(2)37Cc,Triple,Current Study
FBgn0002865,CG11719,Male-specific RNA 98Ca,Mst98Ca,Triple,Current Study
FBgn0003062,CG9888,Fibrillarin,Fib,Triple,Current Study
FBgn0003600,CG6476,Suppressor of variegation 3-9,Su(var)3-9,Triple,Current Study
FBgn0003884,CG1913,alpha-Tubulin at 84B,alphaTub84B,Triple,Current Study
FBgn0011286,CG10844,Ryanodine receptor 44F,Rya-r44F,Triple,Current Study
FBgn0024510,CG32315,discs lost,dlt,Triple,Current Study
FBgn0027505,CG7061,rab3-GAP,rab3-GAP,Triple,Current Study
FBgn0028560,CG1380,sugar transporter 4,sut4,Triple,Current Study
FBgn0031869,CG18304,-,CG18304,Triple,Current Study
FBgn0032136,CG15828,-,CG15828,Triple,Current Study
FBgn0032213,CG5390,-,CG5390,Triple,Current Study
FBgn0032388,CG6686,-,CG6686,Triple,Current Study
FBgn0032414,CG17211,-,CG17211,Triple,Current Study
FBgn0032455,CG5792,-,CG5792,Triple,Current Study
FBgn0033159,CG17800,Down syndrome cell adhesion molecule,Dscam,Triple,Current Study
FBgn0033669,CG8979,-,CG8979,Triple,Current Study
FBgn0033778,CG3790,-,CG3790,Triple,Current Study
FBgn0034380,CG15087,-,CG15087,Triple,Current Study
FBgn0034926,CG5591,-,CG5591,Triple,Current Study
FBgn0035171,CG12502,-,CG12502,Triple,Current Study
FBgn0035197,CG9130,-,CG9130,Triple,Current Study
FBgn0035202,CG9139,-,CG9139,Triple,Current Study
FBgn0035240,CG33791,-,CG33791,Triple,Current Study
FBgn0036663,CG9674,-,CG9674,Triple,Current Study
FBgn0036747,CG6052,-,CG6052,Triple,Current Study
FBgn0037239,CG11739,-,CG11739,Triple,Current Study
FBgn0037338,CG10018,Snm1,Snm1,Triple,Current Study
FBgn0037546,CG7918,-,CG7918,Triple,Current Study
FBgn0037607,CG8036,-,CG8036,Triple,Current Study
FBgn0037625,CG11768,-,CG11768,Triple,Current Study
FBgn0037808,CG6303,Bruce,Bruce,Triple,Current Study
FBgn0037836,CG14692,-,CG14692,Triple,Current Study
FBgn0037970,CG12201,-,CG12201,Triple,Current Study
FBgn0038395,CG10407,-,CG10407,Triple,Current Study
FBgn0038544,CG14318,-,CG14318,Triple,Current Study
FBgn0038578,CG7957,Mediator complex subunit 17,MED17,Triple,Current Study
FBgn0038685,CG14282,-,CG14282,Triple,Current Study
FBgn0038740,CG4562,-,CG4562,Triple,Current Study
FBgn0038797,CG4323,-,CG4323,Triple,Current Study
FBgn0038926,CG13409,-,CG13409,Triple,Current Study
FBgn0039152,CG6129,-,CG6129,Triple,Current Study
FBgn0039214,CG5794,-,CG5794,Triple,Current Study
FBgn0039555,CG12261,mitochondrial ribosomal protein S22,mRpS22,Triple,Current Study
FBgn0039877,CG2118,-,CG2118,Triple,Current Study
FBgn0039959,CG17514,-,CG17514,Triple,Current Study
FBgn0040028,CG17450,-,CG17450,Triple,Current Study
FBgn0040918,CG3576,schlank,schlank,Triple,Current Study
FBgn0043362,CG14001,blue cheese,bchs,Triple,Current Study
FBgn0046874,CG33720,PFTAIRE-interacting factor 1B,Pif1B,Triple,Current Study
FBgn0050122,CG30122,-,CG30122,Triple,Current Study
FBgn0051872,CG31872,-,CG31872,Triple,Current Study
FBgn0052392,CG32392,-,CG32392,Triple,Current Study
FBgn0052580,CG32580,Mucin 14A,Muc14A,Triple,Current Study
FBgn0053208,CG33208,Molecule interacting with CasL,Mical,Triple,Current Study
FBgn0053519,CG33519,Unc-89,Unc-89,Triple,Current Study
FBgn0062517,CG16984,-,CG16984,Triple,Current Study
FBgn0083960,CG34124,-,CG34124,Triple,Current Study
FBgn0083975,CG34139,-,CG34139,Triple,Current Study
FBgn0086408,CG3622,stall,stl,Triple,Current Study
FBgn0086690,CG33957,cp309,cp309,Triple,Current Study
FBgn0086783,CG17927,Myosin heavy chain,Mhc,Triple,Current Study
FBgn0086902,CG3696,kismet,kis,Triple,Current Study
FBgn0259744,CG42377,-,CG42377,Triple,Current Study
FBgn0260003,CG34157,Dystrophin,Dys,Triple,Current Study
FBgn0260745,CG3359,midline fasciclin,mfas,Triple,Current Study
FBgn0261016,CG42600,-,CG42600,Triple,Current Study
FBgn0261625,CG42708,-,CG42708,Triple,Current Study
FBgn0261788,CG42734,Ankyrin 2,Ank2,Triple,Current Study